,8oq5
1-13,inf
2-14,inf
3-15,inf
4-16,inf
5-17,inf
6-18,inf
7-19,inf
8-20,inf
9-21,inf
10-22,inf
11-23,inf
12-24,inf
13-25,inf
14-26,inf
15-27,inf
16-28,inf
17-29,inf
18-30,inf
19-31,inf
20-32,inf
21-33,inf
22-34,inf
23-35,inf
24-36,inf
25-37,inf
26-38,inf
27-39,inf
28-40,inf
29-41,inf
30-42,inf
31-43,inf
32-44,inf
33-45,inf
34-46,inf
35-47,inf
36-48,inf
37-49,inf
38-50,inf
39-51,inf
40-52,inf
41-53,inf
42-54,inf
43-55,inf
44-56,inf
45-57,inf
46-58,inf
47-59,inf
48-60,inf
49-61,inf
50-62,inf
51-63,0.4181704739738595
