,6mst,7zky-chain-B,7zky
1-15,inf,inf,inf
2-16,inf,inf,inf
3-17,inf,inf,inf
4-18,inf,inf,inf
5-19,inf,inf,inf
6-20,inf,inf,inf
7-21,inf,inf,inf
8-22,inf,inf,inf
9-23,inf,inf,inf
10-24,inf,inf,inf
11-25,inf,inf,inf
12-26,inf,inf,inf
13-27,inf,inf,inf
14-28,inf,inf,inf
15-29,inf,inf,inf
16-30,inf,inf,inf
17-31,inf,inf,inf
18-32,inf,inf,inf
19-33,inf,inf,inf
20-34,inf,inf,inf
21-35,inf,inf,inf
22-36,inf,inf,inf
23-37,inf,inf,inf
24-38,inf,inf,inf
25-39,inf,inf,inf
26-40,inf,inf,inf
27-41,inf,inf,inf
28-42,inf,inf,inf
29-43,inf,inf,inf
30-44,inf,inf,inf
31-45,inf,inf,inf
32-46,inf,inf,inf
33-47,inf,inf,inf
34-48,inf,inf,inf
35-49,inf,inf,inf
36-50,inf,inf,inf
37-51,inf,inf,inf
38-52,inf,inf,inf
39-53,inf,inf,inf
40-54,inf,inf,inf
41-55,inf,inf,inf
42-56,inf,inf,inf
43-57,inf,inf,inf
44-58,inf,inf,inf
45-59,inf,inf,inf
46-60,inf,inf,inf
47-61,inf,0.2866803497686319,inf
48-62,inf,0.22532696466716015,inf
