,6lni,6uur,7dwv,7rl4,7un5
1-15,inf,inf,inf,inf,inf
2-16,inf,inf,inf,inf,inf
3-17,inf,inf,inf,inf,inf
4-18,inf,inf,inf,inf,inf
5-19,inf,inf,inf,inf,inf
6-20,inf,inf,inf,inf,inf
7-21,inf,inf,inf,inf,inf
8-22,inf,inf,inf,inf,inf
9-23,inf,inf,inf,inf,inf
10-24,inf,inf,inf,inf,inf
11-25,inf,inf,inf,inf,inf
12-26,inf,inf,inf,inf,inf
13-27,inf,inf,inf,inf,inf
14-28,inf,inf,inf,inf,inf
15-29,inf,inf,inf,inf,inf
16-30,inf,inf,inf,inf,inf
17-31,inf,inf,inf,inf,inf
18-32,inf,inf,inf,inf,inf
19-33,inf,inf,inf,inf,inf
20-34,inf,inf,inf,inf,inf
21-35,inf,inf,inf,inf,inf
22-36,inf,inf,inf,inf,inf
23-37,inf,inf,inf,inf,inf
24-38,inf,inf,inf,inf,inf
25-39,inf,inf,inf,inf,inf
26-40,inf,inf,inf,inf,inf
27-41,inf,inf,inf,inf,inf
28-42,inf,inf,inf,inf,inf
29-43,inf,inf,inf,inf,inf
30-44,inf,inf,inf,inf,inf
31-45,inf,inf,inf,inf,inf
32-46,inf,inf,inf,inf,inf
33-47,inf,inf,inf,inf,inf
34-48,inf,inf,inf,inf,inf
35-49,inf,inf,inf,inf,inf
36-50,inf,inf,inf,inf,inf
37-51,inf,inf,inf,inf,inf
38-52,inf,inf,inf,inf,inf
39-53,inf,inf,inf,inf,inf
40-54,inf,inf,inf,inf,inf
41-55,inf,inf,inf,inf,inf
42-56,inf,inf,inf,inf,inf
43-57,inf,inf,inf,inf,inf
44-58,inf,inf,inf,inf,inf
45-59,inf,inf,inf,inf,inf
46-60,inf,inf,inf,inf,inf
47-61,inf,inf,inf,inf,inf
48-62,inf,inf,inf,inf,inf
49-63,inf,inf,inf,inf,inf
50-64,inf,inf,inf,inf,inf
51-65,inf,inf,inf,inf,inf
52-66,inf,inf,inf,inf,inf
53-67,inf,inf,inf,inf,inf
54-68,inf,inf,inf,inf,inf
55-69,inf,inf,inf,inf,inf
56-70,inf,inf,inf,inf,inf
57-71,inf,inf,inf,inf,inf
58-72,inf,inf,inf,inf,inf
59-73,inf,inf,inf,inf,inf
60-74,inf,inf,inf,inf,inf
61-75,inf,inf,inf,inf,inf
62-76,inf,inf,inf,inf,inf
63-77,inf,inf,inf,inf,inf
64-78,inf,inf,inf,inf,inf
65-79,inf,inf,inf,inf,inf
66-80,inf,inf,inf,inf,inf
67-81,inf,inf,inf,inf,inf
68-82,inf,inf,inf,inf,inf
69-83,inf,inf,inf,inf,inf
70-84,inf,inf,inf,inf,inf
71-85,inf,inf,inf,inf,inf
72-86,inf,inf,inf,inf,inf
73-87,inf,inf,inf,inf,inf
74-88,inf,inf,inf,inf,inf
75-89,inf,inf,inf,inf,inf
76-90,inf,inf,inf,inf,inf
77-91,inf,inf,inf,inf,inf
78-92,inf,inf,inf,inf,inf
79-93,inf,inf,inf,inf,inf
80-94,inf,inf,inf,inf,inf
81-95,inf,inf,inf,inf,inf
82-96,inf,inf,inf,inf,inf
83-97,inf,inf,inf,inf,inf
84-98,inf,inf,inf,inf,inf
85-99,inf,inf,inf,inf,inf
86-100,inf,inf,inf,inf,inf
87-101,inf,inf,inf,inf,inf
88-102,inf,inf,inf,inf,inf
89-103,inf,inf,inf,inf,inf
90-104,inf,inf,inf,inf,inf
91-105,inf,inf,inf,inf,inf
92-106,inf,inf,inf,inf,inf
93-107,inf,inf,inf,inf,0.34350181269594876
94-108,inf,inf,inf,inf,inf
95-109,inf,inf,inf,inf,inf
96-110,inf,inf,inf,inf,0.30626594455129463
97-111,inf,inf,inf,inf,0.26691257962218856
98-112,inf,inf,inf,inf,0.2559003588544429
99-113,inf,inf,inf,inf,inf
100-114,inf,inf,inf,inf,0.24981015422588682
101-115,inf,inf,inf,inf,inf
102-116,inf,inf,inf,inf,inf
103-117,inf,inf,inf,inf,inf
104-118,inf,inf,inf,inf,inf
105-119,inf,inf,inf,inf,inf
106-120,inf,inf,inf,inf,0.3235923664386849
107-121,inf,inf,inf,inf,0.34660952998579003
108-122,inf,inf,inf,inf,inf
109-123,inf,inf,inf,inf,0.45343730747335015
110-124,inf,inf,inf,inf,inf
111-125,inf,inf,inf,inf,inf
112-126,inf,inf,inf,inf,inf
113-127,inf,inf,inf,inf,inf
114-128,inf,inf,inf,inf,inf
115-129,inf,inf,inf,inf,inf
116-130,inf,inf,inf,inf,inf
117-131,inf,inf,inf,inf,inf
118-132,inf,inf,inf,inf,inf
119-133,inf,inf,inf,inf,inf
120-134,inf,inf,inf,inf,inf
121-135,inf,inf,inf,inf,inf
122-136,inf,inf,inf,inf,inf
123-137,inf,inf,inf,inf,inf
124-138,inf,inf,inf,inf,inf
125-139,inf,inf,inf,inf,inf
126-140,inf,inf,inf,inf,inf
127-141,inf,inf,inf,inf,inf
128-142,inf,inf,inf,inf,inf
129-143,inf,inf,inf,inf,inf
130-144,inf,inf,inf,inf,inf
131-145,inf,inf,inf,inf,inf
132-146,inf,inf,inf,inf,inf
133-147,inf,inf,inf,inf,inf
134-148,inf,inf,inf,inf,inf
135-149,inf,inf,inf,inf,inf
136-150,inf,inf,inf,inf,inf
137-151,inf,inf,inf,inf,inf
138-152,inf,inf,inf,inf,inf
139-153,inf,inf,inf,inf,inf
140-154,inf,inf,inf,inf,inf
141-155,inf,inf,inf,inf,inf
142-156,inf,inf,inf,inf,inf
143-157,inf,inf,inf,inf,inf
144-158,inf,inf,inf,inf,inf
145-159,inf,inf,inf,inf,inf
146-160,inf,inf,inf,inf,inf
147-161,inf,inf,inf,inf,inf
148-162,inf,inf,inf,inf,inf
149-163,inf,inf,inf,inf,inf
150-164,inf,inf,inf,inf,inf
151-165,inf,inf,inf,inf,inf
152-166,inf,inf,inf,inf,inf
153-167,inf,inf,inf,inf,inf
154-168,inf,inf,inf,inf,inf
155-169,inf,inf,inf,inf,inf
156-170,inf,inf,inf,inf,inf
157-171,inf,inf,inf,inf,inf
158-172,inf,inf,inf,inf,inf
159-173,inf,inf,inf,inf,inf
160-174,inf,inf,inf,inf,inf
161-175,inf,inf,inf,inf,inf
162-176,inf,inf,inf,inf,inf
163-177,inf,inf,inf,inf,inf
164-178,inf,inf,inf,inf,inf
165-179,inf,inf,inf,inf,inf
166-180,inf,inf,inf,inf,inf
167-181,inf,inf,inf,inf,inf
168-182,inf,inf,inf,inf,inf
169-183,inf,inf,inf,inf,inf
170-184,inf,inf,inf,inf,inf
171-185,inf,inf,inf,inf,inf
172-186,inf,inf,inf,inf,inf
173-187,inf,inf,inf,inf,inf
174-188,inf,inf,inf,inf,inf
175-189,0.6091139054038753,inf,inf,inf,inf
176-190,inf,inf,inf,inf,inf
177-191,inf,inf,inf,inf,inf
178-192,inf,inf,inf,inf,inf
179-193,inf,inf,inf,inf,inf
180-194,inf,inf,inf,inf,inf
181-195,inf,inf,inf,inf,inf
182-196,inf,inf,inf,inf,inf
183-197,0.4053503492999038,inf,inf,inf,inf
184-198,inf,inf,inf,inf,inf
185-199,inf,inf,inf,inf,inf
186-200,0.5396492540345227,inf,inf,inf,inf
