,5w3n,6xfm,7vqq
1-13,inf,inf,inf
2-14,inf,inf,inf
3-15,inf,inf,inf
4-16,inf,inf,inf
5-17,inf,inf,inf
6-18,inf,inf,inf
7-19,inf,inf,inf
8-20,inf,inf,inf
9-21,inf,inf,inf
10-22,inf,inf,inf
11-23,inf,inf,inf
12-24,inf,inf,inf
13-25,inf,inf,inf
14-26,inf,inf,inf
15-27,inf,inf,inf
16-28,inf,inf,inf
17-29,inf,inf,inf
18-30,inf,inf,inf
19-31,inf,inf,inf
20-32,inf,inf,inf
21-33,inf,inf,inf
22-34,inf,inf,inf
23-35,inf,inf,inf
24-36,inf,inf,inf
25-37,inf,inf,inf
26-38,inf,inf,inf
27-39,inf,inf,inf
28-40,inf,inf,inf
29-41,inf,inf,inf
30-42,inf,inf,inf
31-43,inf,inf,inf
32-44,inf,inf,inf
33-45,inf,inf,inf
34-46,inf,inf,inf
35-47,inf,inf,inf
36-48,inf,inf,inf
37-49,inf,inf,inf
38-50,inf,inf,inf
39-51,inf,inf,inf
40-52,inf,inf,inf
41-53,inf,inf,inf
42-54,inf,inf,inf
43-55,inf,inf,inf
44-56,inf,inf,inf
45-57,inf,inf,inf
46-58,inf,inf,inf
47-59,inf,inf,inf
48-60,inf,inf,inf
49-61,inf,inf,inf
50-62,inf,inf,inf
51-63,inf,inf,inf
52-64,inf,inf,inf
53-65,inf,inf,inf
54-66,inf,inf,inf
55-67,inf,inf,inf
56-68,inf,inf,inf
57-69,inf,inf,inf
58-70,inf,inf,inf
59-71,inf,inf,inf
60-72,inf,inf,inf
61-73,inf,inf,inf
62-74,inf,inf,inf
63-75,inf,inf,inf
64-76,inf,inf,inf
65-77,inf,inf,inf
66-78,inf,inf,inf
67-79,inf,inf,inf
68-80,inf,inf,inf
69-81,inf,inf,inf
70-82,inf,inf,inf
71-83,inf,inf,inf
72-84,inf,inf,inf
73-85,inf,inf,inf
74-86,inf,inf,inf
75-87,inf,inf,inf
76-88,inf,inf,inf
77-89,inf,inf,inf
78-90,inf,inf,inf
79-91,inf,inf,inf
80-92,inf,inf,inf
81-93,inf,inf,inf
82-94,inf,inf,inf
83-95,inf,inf,inf
84-96,inf,inf,inf
85-97,inf,inf,inf
86-98,inf,inf,inf
87-99,inf,inf,inf
88-100,inf,inf,inf
89-101,inf,inf,inf
90-102,inf,inf,inf
91-103,inf,inf,inf
92-104,inf,inf,inf
93-105,inf,inf,inf
94-106,inf,inf,inf
95-107,inf,inf,inf
96-108,inf,inf,inf
97-109,inf,inf,inf
98-110,inf,inf,inf
99-111,inf,inf,inf
100-112,inf,inf,inf
101-113,inf,inf,0.45485253907720624
102-114,inf,inf,inf
103-115,inf,inf,inf
104-116,inf,inf,0.47682594134003686
